code,trade_time,close,open,high,low,vol,amount,date,pre_close,change,pct_chg
000001.SZ,2025-01-02 09:30:00,11.73,11.73,11.76,11.72,1357100.0,15928357.0,20250102,11.7,0.03,0.26
000001.SZ,2025-01-02 09:31:00,11.74,11.74,11.77,11.74,2569900.0,30186496.0,20250102,11.73,0.01,0.09
000001.SZ,2025-01-02 09:32:00,11.73,11.74,11.75,11.73,1062600.0,12485258.0,20250102,11.74,-0.01,-0.09
000001.SZ,2025-01-02 09:33:00,11.75,11.73,11.75,11.73,634400.0,7451894.0,20250102,11.73,0.02,0.17
000001.SZ,2025-01-02 09:34:00,11.76,11.75,11.76,11.75,636700.0,7482204.0,20250102,11.75,0.01,0.09
000001.SZ,2025-01-02 09:35:00,11.75,11.75,11.76,11.75,1149100.0,13505398.0,20250102,11.76,-0.01,-0.09
000001.SZ,2025-01-02 09:36:00,11.73,11.74,11.75,11.73,1248800.0,14658506.0,20250102,11.75,-0.02,-0.17
000001.SZ,2025-01-02 09:37:00,11.75,11.73,11.75,11.73,1095200.0,12857075.0,20250102,11.73,0.02,0.17
000001.SZ,2025-01-02 09:38:00,11.74,11.74,11.74,11.73,633429.0,7434207.0,20250102,11.75,-0.01,-0.09
000001.SZ,2025-01-02 09:39:00,11.74,11.74,11.74,11.73,478100.0,5610978.0,20250102,11.74,0.0,0.0
000001.SZ,2025-01-02 09:40:00,11.73,11.74,11.75,11.73,882356.0,10353551.0,20250102,11.74,-0.01,-0.09
000001.SZ,2025-01-02 09:41:00,11.72,11.73,11.74,11.71,1440915.0,16894292.0,20250102,11.73,-0.01,-0.09
000001.SZ,2025-01-02 09:42:00,11.71,11.71,11.72,11.71,1261900.0,14781838.0,20250102,11.72,-0.01,-0.09
000001.SZ,2025-01-02 09:43:00,11.71,11.71,11.72,11.7,1924500.0,22540096.0,20250102,11.71,0.0,0.0
000001.SZ,2025-01-02 09:44:00,11.73,11.73,11.75,11.72,913685.0,10719480.0,20250102,11.71,0.02,0.17
000001.SZ,2025-01-02 09:45:00,11.73,11.72,11.74,11.72,525500.0,6166879.0,20250102,11.73,0.0,0.0
000001.SZ,2025-01-02 09:46:00,11.75,11.74,11.75,11.73,556900.0,6541137.0,20250102,11.73,0.02,0.17
000001.SZ,2025-01-02 09:47:00,11.74,11.74,11.76,11.74,586100.0,6886434.0,20250102,11.75,-0.01,-0.09
000001.SZ,2025-01-02 09:48:00,11.73,11.74,11.74,11.72,517300.0,6069415.0,20250102,11.74,-0.01,-0.09
000001.SZ,2025-01-02 09:49:00,11.73,11.73,11.73,11.72,312400.0,3663525.0,20250102,11.73,0.0,0.0
000001.SZ,2025-01-02 09:50:00,11.71,11.73,11.73,11.71,745400.0,8738843.0,20250102,11.73,-0.02,-0.17
000001.SZ,2025-01-02 09:51:00,11.7,11.71,11.72,11.7,936400.0,10963882.0,20250102,11.71,-0.01,-0.09
000001.SZ,2025-01-02 09:52:00,11.69,11.71,11.71,11.68,2235600.0,26143404.0,20250102,11.7,-0.01,-0.09
000001.SZ,2025-01-02 09:53:00,11.69,11.7,11.7,11.69,409600.0,4791206.0,20250102,11.69,0.0,0.0
000001.SZ,2025-01-02 09:54:00,11.68,11.69,11.69,11.68,947300.0,11071667.0,20250102,11.69,-0.01,-0.09
000001.SZ,2025-01-02 09:55:00,11.69,11.68,11.7,11.67,1605300.0,18750832.0,20250102,11.68,0.01,0.09
000001.SZ,2025-01-02 09:56:00,11.7,11.69,11.7,11.68,264200.0,3088287.0,20250102,11.69,0.01,0.09
000001.SZ,2025-01-02 09:57:00,11.69,11.69,11.7,11.69,377200.0,4410205.0,20250102,11.7,-0.01,-0.09
000001.SZ,2025-01-02 09:58:00,11.7,11.69,11.7,11.69,188300.0,2201537.0,20250102,11.69,0.01,0.09
000001.SZ,2025-01-02 09:59:00,11.69,11.69,11.7,11.69,574798.0,6722155.5,20250102,11.7,-0.01,-0.09
000001.SZ,2025-01-02 10:00:00,11.69,11.7,11.7,11.69,174500.0,2040605.0,20250102,11.69,0.0,0.0
000001.SZ,2025-01-02 10:01:00,11.68,11.69,11.7,11.68,362402.0,4235310.5,20250102,11.69,-0.01,-0.09
000001.SZ,2025-01-02 10:02:00,11.68,11.68,11.68,11.67,1578700.0,18433334.0,20250102,11.68,0.0,0.0
000001.SZ,2025-01-02 10:03:00,11.68,11.67,11.68,11.67,500300.0,5842226.0,20250102,11.68,0.0,0.0
000001.SZ,2025-01-02 10:04:00,11.67,11.68,11.68,11.66,1442700.0,16838414.0,20250102,11.68,-0.01,-0.09
000001.SZ,2025-01-02 10:05:00,11.66,11.66,11.66,11.65,1406900.0,16402113.0,20250102,11.67,-0.01,-0.09
000001.SZ,2025-01-02 10:06:00,11.64,11.66,11.66,11.64,1574000.0,18335672.0,20250102,11.66,-0.02,-0.17
000001.SZ,2025-01-02 10:07:00,11.63,11.64,11.64,11.63,946400.0,11009858.0,20250102,11.64,-0.01,-0.09
000001.SZ,2025-01-02 10:08:00,11.64,11.63,11.64,11.63,660200.0,7679178.0,20250102,11.63,0.01,0.09
000001.SZ,2025-01-02 10:09:00,11.64,11.64,11.65,11.63,1345857.0,15663578.0,20250102,11.64,0.0,0.0
000001.SZ,2025-01-02 10:10:00,11.64,11.64,11.65,11.63,482300.0,5614363.0,20250102,11.64,0.0,0.0
000001.SZ,2025-01-02 10:11:00,11.63,11.64,11.65,11.63,720400.0,8384041.0,20250102,11.64,-0.01,-0.09
000001.SZ,2025-01-02 10:12:00,11.61,11.63,11.63,11.6,3098900.0,36003188.0,20250102,11.63,-0.02,-0.17
000001.SZ,2025-01-02 10:13:00,11.58,11.61,11.61,11.58,2941900.0,34111220.0,20250102,11.61,-0.03,-0.26
000001.SZ,2025-01-02 10:14:00,11.58,11.59,11.59,11.58,1535904.0,17794126.0,20250102,11.58,0.0,0.0
000001.SZ,2025-01-02 10:15:00,11.56,11.58,11.58,11.55,2591096.0,29973432.0,20250102,11.58,-0.02,-0.17
000001.SZ,2025-01-02 10:16:00,11.56,11.56,11.57,11.55,2023300.0,23382056.0,20250102,11.56,0.0,0.0
000001.SZ,2025-01-02 10:17:00,11.53,11.56,11.56,11.53,2037000.0,23512852.0,20250102,11.56,-0.03,-0.26
000001.SZ,2025-01-02 10:18:00,11.55,11.54,11.55,11.53,1053716.0,12158484.0,20250102,11.53,0.02,0.17
000001.SZ,2025-01-02 10:19:00,11.55,11.55,11.55,11.54,1451100.0,16750963.0,20250102,11.55,0.0,0.0
000001.SZ,2025-01-02 10:20:00,11.54,11.55,11.55,11.52,3106384.0,35819544.0,20250102,11.55,-0.01,-0.09
000001.SZ,2025-01-02 10:21:00,11.54,11.54,11.54,11.51,2226400.0,25653490.0,20250102,11.54,0.0,0.0
000001.SZ,2025-01-02 10:22:00,11.55,11.54,11.56,11.53,1580108.0,18229884.0,20250102,11.54,0.01,0.09
000001.SZ,2025-01-02 10:23:00,11.56,11.55,11.56,11.55,664600.0,7680942.0,20250102,11.55,0.01,0.09
000001.SZ,2025-01-02 10:24:00,11.56,11.55,11.56,11.55,1080900.0,12490592.0,20250102,11.56,0.0,0.0
000001.SZ,2025-01-02 10:25:00,11.56,11.56,11.57,11.56,481600.0,5568738.0,20250102,11.56,0.0,0.0
000001.SZ,2025-01-02 10:26:00,11.57,11.57,11.58,11.57,444100.0,5138460.0,20250102,11.56,0.01,0.09
000001.SZ,2025-01-02 10:27:00,11.57,11.57,11.57,11.55,855400.0,9889173.0,20250102,11.57,0.0,0.0
000001.SZ,2025-01-02 10:28:00,11.57,11.57,11.58,11.56,794200.0,9184888.0,20250102,11.57,0.0,0.0
000001.SZ,2025-01-02 10:29:00,11.57,11.57,11.58,11.56,316500.0,3661823.0,20250102,11.57,0.0,0.0
000001.SZ,2025-01-02 10:30:00,11.58,11.57,11.58,11.56,361600.0,4184615.0,20250102,11.57,0.01,0.09
000001.SZ,2025-01-02 10:31:00,11.57,11.57,11.58,11.56,896000.0,10366219.0,20250102,11.58,-0.01,-0.09
000001.SZ,2025-01-02 10:32:00,11.57,11.58,11.58,11.56,336504.0,3893419.2,20250102,11.57,0.0,0.0
000001.SZ,2025-01-02 10:33:00,11.57,11.57,11.58,11.56,663500.0,7677158.0,20250102,11.57,0.0,0.0
000001.SZ,2025-01-02 10:34:00,11.58,11.58,11.59,11.57,645243.0,7470066.5,20250102,11.57,0.01,0.09
000001.SZ,2025-01-02 10:35:00,11.6,11.59,11.6,11.58,631400.0,7318134.0,20250102,11.58,0.02,0.17
000001.SZ,2025-01-02 10:36:00,11.59,11.6,11.6,11.58,522900.0,6061997.0,20250102,11.6,-0.01,-0.09
000001.SZ,2025-01-02 10:37:00,11.59,11.58,11.59,11.58,229800.0,2662663.0,20250102,11.59,0.0,0.0
000001.SZ,2025-01-02 10:38:00,11.58,11.59,11.59,11.58,284800.0,3299359.0,20250102,11.59,-0.01,-0.09
000001.SZ,2025-01-02 10:39:00,11.6,11.59,11.62,11.58,891500.0,10341462.0,20250102,11.58,0.02,0.17
000001.SZ,2025-01-02 10:40:00,11.61,11.61,11.61,11.6,271100.0,3146236.0,20250102,11.6,0.01,0.09
000001.SZ,2025-01-02 10:41:00,11.59,11.6,11.61,11.59,1029800.0,11953366.0,20250102,11.61,-0.02,-0.17
000001.SZ,2025-01-02 10:42:00,11.59,11.59,11.6,11.58,449200.0,5206879.0,20250102,11.59,0.0,0.0
000001.SZ,2025-01-02 10:43:00,11.58,11.59,11.59,11.57,368800.0,4271342.0,20250102,11.59,-0.01,-0.09
000001.SZ,2025-01-02 10:44:00,11.57,11.58,11.58,11.57,442700.0,5122322.0,20250102,11.58,-0.01,-0.09
000001.SZ,2025-01-02 10:45:00,11.57,11.57,11.58,11.57,135800.0,1571646.0,20250102,11.57,0.0,0.0
000001.SZ,2025-01-02 10:46:00,11.58,11.57,11.59,11.57,270327.0,3130460.8,20250102,11.57,0.01,0.09
000001.SZ,2025-01-02 10:47:00,11.59,11.58,11.59,11.57,1114873.0,12911466.0,20250102,11.58,0.01,0.09
000001.SZ,2025-01-02 10:48:00,11.59,11.59,11.6,11.58,148200.0,1717968.0,20250102,11.59,0.0,0.0
000001.SZ,2025-01-02 10:49:00,11.61,11.59,11.61,11.59,293600.0,3404923.0,20250102,11.59,0.02,0.17
000001.SZ,2025-01-02 10:50:00,11.62,11.61,11.62,11.6,290200.0,3369036.0,20250102,11.61,0.01,0.09
000001.SZ,2025-01-02 10:51:00,11.62,11.62,11.62,11.61,277100.0,3218165.0,20250102,11.62,0.0,0.0
000001.SZ,2025-01-02 10:52:00,11.62,11.62,11.62,11.61,217600.0,2527226.0,20250102,11.62,0.0,0.0
000001.SZ,2025-01-02 10:53:00,11.64,11.62,11.64,11.61,716600.0,8330024.0,20250102,11.62,0.02,0.17
000001.SZ,2025-01-02 10:54:00,11.63,11.64,11.65,11.63,603510.0,7025073.5,20250102,11.64,-0.01,-0.09
000001.SZ,2025-01-02 10:55:00,11.63,11.64,11.64,11.63,239200.0,2784018.0,20250102,11.63,0.0,0.0
000001.SZ,2025-01-02 10:56:00,11.64,11.64,11.66,11.64,923100.0,10755024.0,20250102,11.63,0.01,0.09
000001.SZ,2025-01-02 10:57:00,11.64,11.65,11.65,11.64,171700.0,1998784.0,20250102,11.64,0.0,0.0
000001.SZ,2025-01-02 10:58:00,11.65,11.64,11.66,11.64,409800.0,4774388.0,20250102,11.64,0.01,0.09
000001.SZ,2025-01-02 10:59:00,11.65,11.65,11.66,11.64,272700.0,3177269.0,20250102,11.65,0.0,0.0
000001.SZ,2025-01-02 11:00:00,11.64,11.65,11.65,11.64,253800.0,2955642.0,20250102,11.65,-0.01,-0.09
000001.SZ,2025-01-02 11:01:00,11.64,11.64,11.64,11.63,142800.0,1662302.0,20250102,11.64,0.0,0.0
000001.SZ,2025-01-02 11:02:00,11.65,11.64,11.65,11.63,294200.0,3425025.0,20250102,11.64,0.01,0.09
000001.SZ,2025-01-02 11:03:00,11.64,11.65,11.65,11.64,608700.0,7090512.0,20250102,11.65,-0.01,-0.09
000001.SZ,2025-01-02 11:04:00,11.63,11.64,11.64,11.63,36900.0,429313.0,20250102,11.64,-0.01,-0.09
000001.SZ,2025-01-02 11:05:00,11.65,11.63,11.65,11.63,489400.0,5693926.0,20250102,11.63,0.02,0.17
000001.SZ,2025-01-02 11:06:00,11.64,11.65,11.66,11.64,347000.0,4043142.0,20250102,11.65,-0.01,-0.09
000001.SZ,2025-01-02 11:07:00,11.65,11.65,11.65,11.64,122200.0,1423436.0,20250102,11.64,0.01,0.09
000001.SZ,2025-01-02 11:08:00,11.64,11.64,11.66,11.64,239500.0,2789964.0,20250102,11.65,-0.01,-0.09
000001.SZ,2025-01-02 11:09:00,11.64,11.65,11.65,11.64,272600.0,3173690.0,20250102,11.64,0.0,0.0
000001.SZ,2025-01-02 11:10:00,11.66,11.65,11.66,11.65,228200.0,2659686.0,20250102,11.64,0.02,0.17
000001.SZ,2025-01-02 11:11:00,11.66,11.65,11.67,11.65,587084.0,6848400.5,20250102,11.66,0.0,0.0
000001.SZ,2025-01-02 11:12:00,11.64,11.65,11.66,11.64,245816.0,2863649.5,20250102,11.66,-0.02,-0.17
000001.SZ,2025-01-02 11:13:00,11.63,11.64,11.64,11.62,287100.0,3339726.0,20250102,11.64,-0.01,-0.09
000001.SZ,2025-01-02 11:14:00,11.63,11.63,11.64,11.62,234000.0,2722357.0,20250102,11.63,0.0,0.0
000001.SZ,2025-01-02 11:15:00,11.63,11.63,11.63,11.62,142800.0,1660780.0,20250102,11.63,0.0,0.0
000001.SZ,2025-01-02 11:16:00,11.64,11.63,11.65,11.63,256100.0,2981172.0,20250102,11.63,0.01,0.09
000001.SZ,2025-01-02 11:17:00,11.63,11.63,11.64,11.63,152000.0,1767958.0,20250102,11.64,-0.01,-0.09
000001.SZ,2025-01-02 11:18:00,11.63,11.63,11.63,11.62,184300.0,2141922.0,20250102,11.63,0.0,0.0
000001.SZ,2025-01-02 11:19:00,11.62,11.62,11.63,11.62,300500.0,3491917.0,20250102,11.63,-0.01,-0.09
000001.SZ,2025-01-02 11:20:00,11.62,11.61,11.63,11.61,271300.0,3153639.0,20250102,11.62,0.0,0.0
000001.SZ,2025-01-02 11:21:00,11.63,11.62,11.63,11.62,122700.0,1425834.0,20250102,11.62,0.01,0.09
000001.SZ,2025-01-02 11:22:00,11.61,11.63,11.63,11.61,178100.0,2069789.0,20250102,11.63,-0.02,-0.17
000001.SZ,2025-01-02 11:23:00,11.62,11.62,11.62,11.61,134200.0,1558653.0,20250102,11.61,0.01,0.09
000001.SZ,2025-01-02 11:24:00,11.61,11.61,11.62,11.61,467000.0,5423460.0,20250102,11.62,-0.01,-0.09
000001.SZ,2025-01-02 11:25:00,11.62,11.61,11.63,11.61,202800.0,2356462.0,20250102,11.61,0.01,0.09
000001.SZ,2025-01-02 11:26:00,11.61,11.61,11.62,11.61,319300.0,3708060.0,20250102,11.62,-0.01,-0.09
000001.SZ,2025-01-02 11:27:00,11.6,11.61,11.62,11.6,410300.0,4759991.0,20250102,11.61,-0.01,-0.09
000001.SZ,2025-01-02 11:28:00,11.6,11.6,11.61,11.6,299700.0,3476758.0,20250102,11.6,0.0,0.0
000001.SZ,2025-01-02 11:29:00,11.6,11.6,11.61,11.6,341000.0,3955909.0,20250102,11.6,0.0,0.0
000001.SZ,2025-01-02 11:30:00,11.61,11.6,11.61,11.6,101500.0,1177744.0,20250102,11.6,0.01,0.09
000001.SZ,2025-01-02 13:01:00,11.6,11.61,11.61,11.6,812700.0,9430574.0,20250102,11.61,-0.01,-0.09
000001.SZ,2025-01-02 13:02:00,11.6,11.61,11.61,11.59,109700.0,1272402.0,20250102,11.6,0.0,0.0
000001.SZ,2025-01-02 13:03:00,11.59,11.6,11.6,11.59,285300.0,3306854.0,20250102,11.6,-0.01,-0.09
000001.SZ,2025-01-02 13:04:00,11.6,11.59,11.6,11.58,405400.0,4698717.0,20250102,11.59,0.01,0.09
000001.SZ,2025-01-02 13:05:00,11.59,11.6,11.6,11.59,221200.0,2563848.0,20250102,11.6,-0.01,-0.09
000001.SZ,2025-01-02 13:06:00,11.58,11.59,11.6,11.58,141000.0,1633963.0,20250102,11.59,-0.01,-0.09
000001.SZ,2025-01-02 13:07:00,11.58,11.58,11.59,11.58,151300.0,1752494.0,20250102,11.58,0.0,0.0
000001.SZ,2025-01-02 13:08:00,11.58,11.58,11.59,11.58,271200.0,3141341.0,20250102,11.58,0.0,0.0
000001.SZ,2025-01-02 13:09:00,11.58,11.58,11.59,11.57,1089700.0,12616115.0,20250102,11.58,0.0,0.0
000001.SZ,2025-01-02 13:10:00,11.58,11.58,11.59,11.58,731500.0,8470970.0,20250102,11.58,0.0,0.0
000001.SZ,2025-01-02 13:11:00,11.57,11.57,11.59,11.57,149700.0,1732846.0,20250102,11.58,-0.01,-0.09
000001.SZ,2025-01-02 13:12:00,11.56,11.58,11.58,11.56,1538900.0,17803568.0,20250102,11.57,-0.01,-0.09
000001.SZ,2025-01-02 13:13:00,11.57,11.57,11.57,11.56,241800.0,2796826.0,20250102,11.56,0.01,0.09
000001.SZ,2025-01-02 13:14:00,11.57,11.57,11.58,11.57,189600.0,2193767.0,20250102,11.57,0.0,0.0
000001.SZ,2025-01-02 13:15:00,11.57,11.56,11.57,11.56,159000.0,1839141.0,20250102,11.57,0.0,0.0
000001.SZ,2025-01-02 13:16:00,11.56,11.57,11.57,11.56,566800.0,6553084.0,20250102,11.57,-0.01,-0.09
000001.SZ,2025-01-02 13:17:00,11.56,11.57,11.57,11.55,539500.0,6236989.0,20250102,11.56,0.0,0.0
000001.SZ,2025-01-02 13:18:00,11.56,11.56,11.56,11.55,277100.0,3202978.0,20250102,11.56,0.0,0.0
000001.SZ,2025-01-02 13:19:00,11.56,11.56,11.56,11.55,180100.0,2080912.0,20250102,11.56,0.0,0.0
000001.SZ,2025-01-02 13:20:00,11.55,11.56,11.56,11.55,138400.0,1599097.0,20250102,11.56,-0.01,-0.09
000001.SZ,2025-01-02 13:21:00,11.56,11.56,11.57,11.55,763300.0,8820243.0,20250102,11.55,0.01,0.09
000001.SZ,2025-01-02 13:22:00,11.55,11.56,11.57,11.55,237300.0,2741997.0,20250102,11.56,-0.01,-0.09
000001.SZ,2025-01-02 13:23:00,11.56,11.55,11.56,11.54,1684700.0,19457072.0,20250102,11.55,0.01,0.09
000001.SZ,2025-01-02 13:24:00,11.55,11.55,11.56,11.54,298700.0,3449265.0,20250102,11.56,-0.01,-0.09
000001.SZ,2025-01-02 13:25:00,11.55,11.54,11.55,11.54,474700.0,5481119.0,20250102,11.55,0.0,0.0
000001.SZ,2025-01-02 13:26:00,11.54,11.54,11.55,11.54,418500.0,4831093.0,20250102,11.55,-0.01,-0.09
000001.SZ,2025-01-02 13:27:00,11.54,11.54,11.54,11.53,1169300.0,13488235.0,20250102,11.54,0.0,0.0
000001.SZ,2025-01-02 13:28:00,11.53,11.53,11.54,11.52,1326700.0,15296293.0,20250102,11.54,-0.01,-0.09
000001.SZ,2025-01-02 13:29:00,11.53,11.53,11.54,11.52,302200.0,3484412.0,20250102,11.53,0.0,0.0
000001.SZ,2025-01-02 13:30:00,11.53,11.54,11.54,11.53,371600.0,4286905.0,20250102,11.53,0.0,0.0
000001.SZ,2025-01-02 13:31:00,11.54,11.53,11.54,11.53,821500.0,9476275.0,20250102,11.53,0.01,0.09
000001.SZ,2025-01-02 13:32:00,11.53,11.54,11.55,11.53,1478200.0,17058796.0,20250102,11.54,-0.01,-0.09
000001.SZ,2025-01-02 13:33:00,11.54,11.54,11.55,11.53,1752500.0,20217616.0,20250102,11.53,0.01,0.09
000001.SZ,2025-01-02 13:34:00,11.54,11.54,11.55,11.53,629300.0,7261518.0,20250102,11.54,0.0,0.0
000001.SZ,2025-01-02 13:35:00,11.53,11.53,11.54,11.53,190640.0,2199160.2,20250102,11.54,-0.01,-0.09
000001.SZ,2025-01-02 13:36:00,11.53,11.54,11.54,11.53,566200.0,6528737.0,20250102,11.53,0.0,0.0
000001.SZ,2025-01-02 13:37:00,11.53,11.53,11.54,11.53,461100.0,5317495.0,20250102,11.53,0.0,0.0
000001.SZ,2025-01-02 13:38:00,11.53,11.53,11.54,11.52,770260.0,8879785.0,20250102,11.53,0.0,0.0
000001.SZ,2025-01-02 13:39:00,11.52,11.53,11.53,11.52,292858.0,3375976.2,20250102,11.53,-0.01,-0.09
000001.SZ,2025-01-02 13:40:00,11.52,11.53,11.53,11.52,302400.0,3485533.0,20250102,11.52,0.0,0.0
000001.SZ,2025-01-02 13:41:00,11.52,11.53,11.54,11.52,404200.0,4658406.0,20250102,11.52,0.0,0.0
000001.SZ,2025-01-02 13:42:00,11.52,11.52,11.53,11.52,540900.0,6232331.0,20250102,11.52,0.0,0.0
000001.SZ,2025-01-02 13:43:00,11.53,11.52,11.53,11.52,246000.0,2834472.0,20250102,11.52,0.01,0.09
000001.SZ,2025-01-02 13:44:00,11.52,11.52,11.53,11.52,750600.0,8648017.0,20250102,11.53,-0.01,-0.09
000001.SZ,2025-01-02 13:45:00,11.52,11.52,11.52,11.51,692042.0,7970962.0,20250102,11.52,0.0,0.0
000001.SZ,2025-01-02 13:46:00,11.52,11.52,11.53,11.51,578500.0,6662515.0,20250102,11.52,0.0,0.0
000001.SZ,2025-01-02 13:47:00,11.52,11.51,11.52,11.51,662000.0,7621329.0,20250102,11.52,0.0,0.0
000001.SZ,2025-01-02 13:48:00,11.51,11.52,11.52,11.51,288900.0,3326704.0,20250102,11.52,-0.01,-0.09
000001.SZ,2025-01-02 13:49:00,11.5,11.51,11.52,11.5,3616100.0,41620950.0,20250102,11.51,-0.01,-0.09
000001.SZ,2025-01-02 13:50:00,11.51,11.51,11.51,11.5,356900.0,4107103.0,20250102,11.5,0.01,0.09
000001.SZ,2025-01-02 13:51:00,11.51,11.51,11.52,11.5,710700.0,8179297.0,20250102,11.51,0.0,0.0
000001.SZ,2025-01-02 13:52:00,11.5,11.51,11.51,11.5,652300.0,7504009.0,20250102,11.51,-0.01,-0.09
000001.SZ,2025-01-02 13:53:00,11.51,11.51,11.51,11.5,533700.0,6138789.0,20250102,11.5,0.01,0.09
000001.SZ,2025-01-02 13:54:00,11.5,11.5,11.51,11.5,741800.0,8532402.0,20250102,11.51,-0.01,-0.09
000001.SZ,2025-01-02 13:55:00,11.49,11.5,11.51,11.49,3111900.0,35781956.0,20250102,11.5,-0.01,-0.09
000001.SZ,2025-01-02 13:56:00,11.5,11.5,11.5,11.49,682400.0,7844834.0,20250102,11.49,0.01,0.09
000001.SZ,2025-01-02 13:57:00,11.5,11.5,11.5,11.48,1565100.0,17981952.0,20250102,11.5,0.0,0.0
000001.SZ,2025-01-02 13:58:00,11.5,11.5,11.5,11.48,477700.0,5490974.0,20250102,11.5,0.0,0.0
000001.SZ,2025-01-02 13:59:00,11.5,11.51,11.51,11.5,325200.0,3740424.0,20250102,11.5,0.0,0.0
000001.SZ,2025-01-02 14:00:00,11.52,11.5,11.52,11.5,378800.0,4358409.0,20250102,11.5,0.02,0.17
000001.SZ,2025-01-02 14:01:00,11.48,11.51,11.51,11.48,1125800.0,12943797.0,20250102,11.52,-0.04,-0.35
000001.SZ,2025-01-02 14:02:00,11.49,11.5,11.5,11.48,596800.0,6859736.0,20250102,11.48,0.01,0.09
000001.SZ,2025-01-02 14:03:00,11.51,11.49,11.51,11.48,343500.0,3947844.0,20250102,11.49,0.02,0.17
000001.SZ,2025-01-02 14:04:00,11.49,11.5,11.51,11.48,1410700.0,16212625.0,20250102,11.51,-0.02,-0.17
000001.SZ,2025-01-02 14:05:00,11.5,11.49,11.5,11.48,301700.0,3466400.0,20250102,11.49,0.01,0.09
000001.SZ,2025-01-02 14:06:00,11.47,11.49,11.49,11.47,1275700.0,14646678.0,20250102,11.5,-0.03,-0.26
000001.SZ,2025-01-02 14:07:00,11.46,11.47,11.48,11.46,2114800.0,24248460.0,20250102,11.47,-0.01,-0.09
000001.SZ,2025-01-02 14:08:00,11.46,11.46,11.47,11.45,708100.0,8114227.0,20250102,11.46,0.0,0.0
000001.SZ,2025-01-02 14:09:00,11.45,11.46,11.47,11.45,631200.0,7232421.0,20250102,11.46,-0.01,-0.09
000001.SZ,2025-01-02 14:10:00,11.46,11.45,11.46,11.45,452377.0,5183544.5,20250102,11.45,0.01,0.09
000001.SZ,2025-01-02 14:11:00,11.46,11.45,11.46,11.45,674000.0,7719047.0,20250102,11.46,0.0,0.0
000001.SZ,2025-01-02 14:12:00,11.45,11.45,11.46,11.44,1198823.0,13727358.0,20250102,11.46,-0.01,-0.09
000001.SZ,2025-01-02 14:13:00,11.45,11.46,11.46,11.44,986700.0,11294677.0,20250102,11.45,0.0,0.0
000001.SZ,2025-01-02 14:14:00,11.45,11.45,11.45,11.43,1842100.0,21070280.0,20250102,11.45,0.0,0.0
000001.SZ,2025-01-02 14:15:00,11.44,11.44,11.45,11.42,681100.0,7786872.0,20250102,11.45,-0.01,-0.09
000001.SZ,2025-01-02 14:16:00,11.44,11.43,11.44,11.43,470464.0,5380483.0,20250102,11.44,0.0,0.0
000001.SZ,2025-01-02 14:17:00,11.44,11.44,11.45,11.43,1428936.0,16343484.0,20250102,11.44,0.0,0.0
000001.SZ,2025-01-02 14:18:00,11.44,11.43,11.45,11.43,1431468.0,16375664.0,20250102,11.44,0.0,0.0
000001.SZ,2025-01-02 14:19:00,11.43,11.43,11.45,11.43,850400.0,9724472.0,20250102,11.44,-0.01,-0.09
000001.SZ,2025-01-02 14:20:00,11.44,11.43,11.44,11.43,578200.0,6611575.0,20250102,11.43,0.01,0.09
000001.SZ,2025-01-02 14:21:00,11.44,11.44,11.45,11.43,292400.0,3345010.0,20250102,11.44,0.0,0.0
000001.SZ,2025-01-02 14:22:00,11.44,11.44,11.44,11.43,552900.0,6322363.0,20250102,11.44,0.0,0.0
000001.SZ,2025-01-02 14:23:00,11.44,11.44,11.45,11.43,551500.0,6308559.0,20250102,11.44,0.0,0.0
000001.SZ,2025-01-02 14:24:00,11.45,11.45,11.45,11.44,744200.0,8520309.0,20250102,11.44,0.01,0.09
000001.SZ,2025-01-02 14:25:00,11.46,11.46,11.47,11.45,851060.0,9754585.0,20250102,11.45,0.01,0.09
000001.SZ,2025-01-02 14:26:00,11.47,11.47,11.47,11.46,487000.0,5583885.0,20250102,11.46,0.01,0.09
000001.SZ,2025-01-02 14:27:00,11.48,11.47,11.48,11.47,357300.0,4098905.0,20250102,11.47,0.01,0.09
000001.SZ,2025-01-02 14:28:00,11.49,11.48,11.49,11.47,616100.0,7072536.0,20250102,11.48,0.01,0.09
000001.SZ,2025-01-02 14:29:00,11.5,11.48,11.5,11.48,634700.0,7291031.0,20250102,11.49,0.01,0.09
000001.SZ,2025-01-02 14:30:00,11.48,11.5,11.5,11.47,657900.0,7557803.0,20250102,11.5,-0.02,-0.17
000001.SZ,2025-01-02 14:31:00,11.47,11.47,11.48,11.47,460600.0,5285617.0,20250102,11.48,-0.01,-0.09
000001.SZ,2025-01-02 14:32:00,11.48,11.48,11.49,11.47,271029.0,3111070.0,20250102,11.47,0.01,0.09
000001.SZ,2025-01-02 14:33:00,11.46,11.48,11.49,11.46,888271.0,10190250.0,20250102,11.48,-0.02,-0.17
000001.SZ,2025-01-02 14:34:00,11.44,11.46,11.46,11.44,905200.0,10367818.0,20250102,11.46,-0.02,-0.17
000001.SZ,2025-01-02 14:35:00,11.45,11.44,11.45,11.44,349900.0,4004664.0,20250102,11.44,0.01,0.09
000001.SZ,2025-01-02 14:36:00,11.44,11.44,11.45,11.43,1007100.0,11520751.0,20250102,11.45,-0.01,-0.09
000001.SZ,2025-01-02 14:37:00,11.42,11.43,11.44,11.42,1454432.0,16622969.0,20250102,11.44,-0.02,-0.17
000001.SZ,2025-01-02 14:38:00,11.42,11.43,11.43,11.41,1367800.0,15621718.0,20250102,11.42,0.0,0.0
000001.SZ,2025-01-02 14:39:00,11.42,11.42,11.42,11.41,683200.0,7798740.0,20250102,11.42,0.0,0.0
000001.SZ,2025-01-02 14:40:00,11.4,11.41,11.41,11.4,2419300.0,27594348.0,20250102,11.42,-0.02,-0.18
000001.SZ,2025-01-02 14:41:00,11.4,11.4,11.41,11.4,2191308.0,24989108.0,20250102,11.4,0.0,0.0
000001.SZ,2025-01-02 14:42:00,11.41,11.42,11.42,11.4,1573500.0,17947944.0,20250102,11.4,0.01,0.09
000001.SZ,2025-01-02 14:43:00,11.42,11.42,11.42,11.41,566600.0,6465722.0,20250102,11.41,0.01,0.09
000001.SZ,2025-01-02 14:44:00,11.42,11.42,11.42,11.41,671100.0,7661074.0,20250102,11.42,0.0,0.0
000001.SZ,2025-01-02 14:45:00,11.4,11.42,11.43,11.4,1242200.0,14174423.0,20250102,11.42,-0.02,-0.18
000001.SZ,2025-01-02 14:46:00,11.39,11.4,11.41,11.39,1643900.0,18739300.0,20250102,11.4,-0.01,-0.09
000001.SZ,2025-01-02 14:47:00,11.39,11.39,11.4,11.39,993600.0,11323181.0,20250102,11.39,0.0,0.0
000001.SZ,2025-01-02 14:48:00,11.41,11.39,11.41,11.39,1207900.0,13772504.0,20250102,11.39,0.02,0.18
000001.SZ,2025-01-02 14:49:00,11.42,11.41,11.42,11.41,838024.0,9567797.0,20250102,11.41,0.01,0.09
000001.SZ,2025-01-02 14:50:00,11.42,11.42,11.43,11.41,582400.0,6651919.0,20250102,11.42,0.0,0.0
000001.SZ,2025-01-02 14:51:00,11.43,11.43,11.44,11.42,752300.0,8596333.0,20250102,11.42,0.01,0.09
000001.SZ,2025-01-02 14:52:00,11.42,11.43,11.43,11.42,344800.0,3940648.0,20250102,11.43,-0.01,-0.09
000001.SZ,2025-01-02 14:53:00,11.43,11.42,11.44,11.42,381000.0,4354313.0,20250102,11.42,0.01,0.09
000001.SZ,2025-01-02 14:54:00,11.43,11.42,11.43,11.42,716500.0,8184312.0,20250102,11.43,0.0,0.0
000001.SZ,2025-01-02 14:55:00,11.43,11.43,11.44,11.42,1485000.0,16980348.0,20250102,11.43,0.0,0.0
000001.SZ,2025-01-02 14:56:00,11.44,11.44,11.44,11.42,508300.0,5808855.0,20250102,11.43,0.01,0.09
000001.SZ,2025-01-02 14:57:00,11.43,11.42,11.44,11.42,756000.0,8637053.0,20250102,11.44,-0.01,-0.09
000001.SZ,2025-01-02 14:58:00,11.43,11.43,11.43,11.43,0.0,0.0,20250102,11.43,0.0,0.0
000001.SZ,2025-01-02 14:59:00,11.43,11.43,11.43,11.43,0.0,0.0,20250102,11.43,0.0,0.0
000001.SZ,2025-01-02 15:00:00,11.43,11.43,11.43,11.43,1092100.0,12482703.0,20250102,11.43,0.0,0.0
000002.SZ,2025-01-02 09:30:00,7.27,7.25,7.28,7.25,713010.0,5171861.5,20250102,7.26,0.01,0.14
000002.SZ,2025-01-02 09:31:00,7.31,7.28,7.31,7.27,2534260.0,18478344.0,20250102,7.27,0.04,0.55
000002.SZ,2025-01-02 09:32:00,7.3,7.31,7.32,7.29,1578800.0,11519538.0,20250102,7.31,-0.01,-0.14
000002.SZ,2025-01-02 09:33:00,7.3,7.3,7.31,7.3,925000.0,6756486.0,20250102,7.3,0.0,0.0
000002.SZ,2025-01-02 09:34:00,7.28,7.3,7.3,7.28,1402400.0,10227606.0,20250102,7.3,-0.02,-0.27
000002.SZ,2025-01-02 09:35:00,7.28,7.29,7.29,7.27,1499300.0,10915055.0,20250102,7.28,0.0,0.0
000002.SZ,2025-01-02 09:36:00,7.26,7.27,7.28,7.26,918200.0,6671708.0,20250102,7.28,-0.02,-0.27
000002.SZ,2025-01-02 09:37:00,7.28,7.26,7.28,7.26,575400.0,4181937.0,20250102,7.26,0.02,0.28
000002.SZ,2025-01-02 09:38:00,7.28,7.28,7.29,7.27,819300.0,5963993.0,20250102,7.28,0.0,0.0
000002.SZ,2025-01-02 09:39:00,7.3,7.28,7.3,7.28,957800.0,6987907.0,20250102,7.28,0.02,0.27
000002.SZ,2025-01-02 09:40:00,7.31,7.29,7.31,7.29,1373801.0,10025933.0,20250102,7.3,0.01,0.14
000002.SZ,2025-01-02 09:41:00,7.31,7.31,7.31,7.3,1362700.0,9960799.0,20250102,7.31,0.0,0.0
000002.SZ,2025-01-02 09:42:00,7.3,7.31,7.31,7.29,557100.0,4066880.0,20250102,7.31,-0.01,-0.14
000002.SZ,2025-01-02 09:43:00,7.29,7.29,7.3,7.29,470400.0,3432209.0,20250102,7.3,-0.01,-0.14
000002.SZ,2025-01-02 09:44:00,7.3,7.3,7.31,7.29,645200.0,4713130.0,20250102,7.29,0.01,0.14
000002.SZ,2025-01-02 09:45:00,7.33,7.3,7.34,7.3,2855900.0,20906534.0,20250102,7.3,0.03,0.41
000002.SZ,2025-01-02 09:46:00,7.31,7.33,7.33,7.31,1062000.0,7782029.0,20250102,7.33,-0.02,-0.27
000002.SZ,2025-01-02 09:47:00,7.32,7.32,7.33,7.31,452900.0,3316333.0,20250102,7.31,0.01,0.14
000002.SZ,2025-01-02 09:48:00,7.34,7.33,7.34,7.32,1138100.0,8344063.0,20250102,7.32,0.02,0.27
000002.SZ,2025-01-02 09:49:00,7.34,7.33,7.34,7.33,706400.0,5181682.0,20250102,7.34,0.0,0.0
000002.SZ,2025-01-02 09:50:00,7.33,7.34,7.34,7.32,496400.0,3639775.0,20250102,7.34,-0.01,-0.14
000002.SZ,2025-01-02 09:51:00,7.32,7.33,7.33,7.32,886300.0,6495373.0,20250102,7.33,-0.01,-0.14
000002.SZ,2025-01-02 09:52:00,7.33,7.33,7.33,7.32,374400.0,2743528.0,20250102,7.32,0.01,0.14
000002.SZ,2025-01-02 09:53:00,7.35,7.33,7.36,7.33,1748700.0,12841386.0,20250102,7.33,0.02,0.27
000002.SZ,2025-01-02 09:54:00,7.35,7.36,7.36,7.35,943700.0,6938009.0,20250102,7.35,0.0,0.0
000002.SZ,2025-01-02 09:55:00,7.34,7.35,7.35,7.34,307300.0,2256904.0,20250102,7.35,-0.01,-0.14
000002.SZ,2025-01-02 09:56:00,7.34,7.35,7.35,7.34,448300.0,3292278.0,20250102,7.34,0.0,0.0
000002.SZ,2025-01-02 09:57:00,7.32,7.34,7.34,7.32,913200.0,6695627.0,20250102,7.34,-0.02,-0.27
000002.SZ,2025-01-02 09:58:00,7.32,7.32,7.33,7.32,597500.0,4374000.0,20250102,7.32,0.0,0.0
000002.SZ,2025-01-02 09:59:00,7.3,7.32,7.32,7.3,893300.0,6528776.0,20250102,7.32,-0.02,-0.27
000002.SZ,2025-01-02 10:00:00,7.29,7.3,7.3,7.29,729600.0,5324465.0,20250102,7.3,-0.01,-0.14
000002.SZ,2025-01-02 10:01:00,7.31,7.3,7.32,7.29,938700.0,6861049.0,20250102,7.29,0.02,0.27
000002.SZ,2025-01-02 10:02:00,7.31,7.32,7.32,7.31,139300.0,1018826.0,20250102,7.31,0.0,0.0
000002.SZ,2025-01-02 10:03:00,7.31,7.31,7.32,7.31,452900.0,3311147.0,20250102,7.31,0.0,0.0
000002.SZ,2025-01-02 10:04:00,7.3,7.32,7.32,7.3,501200.0,3664595.0,20250102,7.31,-0.01,-0.14
000002.SZ,2025-01-02 10:05:00,7.32,7.3,7.32,7.3,279100.0,2040060.0,20250102,7.3,0.02,0.27
000002.SZ,2025-01-02 10:06:00,7.32,7.32,7.32,7.31,204400.0,1494740.0,20250102,7.32,0.0,0.0
000002.SZ,2025-01-02 10:07:00,7.31,7.31,7.32,7.31,328900.0,2405369.0,20250102,7.32,-0.01,-0.14
000002.SZ,2025-01-02 10:08:00,7.31,7.32,7.32,7.31,106300.0,777571.0,20250102,7.31,0.0,0.0
000002.SZ,2025-01-02 10:09:00,7.33,7.32,7.33,7.32,774401.0,5670024.5,20250102,7.31,0.02,0.27
000002.SZ,2025-01-02 10:10:00,7.31,7.32,7.33,7.31,393999.0,2883592.8,20250102,7.33,-0.02,-0.27
000002.SZ,2025-01-02 10:11:00,7.31,7.31,7.33,7.31,719800.0,5268967.0,20250102,7.31,0.0,0.0
000002.SZ,2025-01-02 10:12:00,7.3,7.32,7.32,7.3,642900.0,4699194.0,20250102,7.31,-0.01,-0.14
000002.SZ,2025-01-02 10:13:00,7.3,7.31,7.31,7.3,243200.0,1776205.0,20250102,7.3,0.0,0.0
000002.SZ,2025-01-02 10:14:00,7.31,7.3,7.31,7.3,642400.0,4695442.0,20250102,7.3,0.01,0.14
000002.SZ,2025-01-02 10:15:00,7.31,7.31,7.32,7.31,320000.0,2339402.0,20250102,7.31,0.0,0.0
000002.SZ,2025-01-02 10:16:00,7.31,7.31,7.31,7.31,321300.0,2347723.0,20250102,7.31,0.0,0.0
000002.SZ,2025-01-02 10:17:00,7.31,7.3,7.31,7.3,360400.0,2632024.0,20250102,7.31,0.0,0.0
000002.SZ,2025-01-02 10:18:00,7.3,7.3,7.31,7.3,136800.0,999313.0,20250102,7.31,-0.01,-0.14
000002.SZ,2025-01-02 10:19:00,7.3,7.3,7.31,7.3,592800.0,4328411.0,20250102,7.3,0.0,0.0
000002.SZ,2025-01-02 10:20:00,7.31,7.3,7.31,7.3,242700.0,1771916.0,20250102,7.3,0.01,0.14
000002.SZ,2025-01-02 10:21:00,7.31,7.3,7.31,7.3,170900.0,1248944.0,20250102,7.31,0.0,0.0
000002.SZ,2025-01-02 10:22:00,7.32,7.31,7.32,7.31,491600.0,3593899.0,20250102,7.31,0.01,0.14
000002.SZ,2025-01-02 10:23:00,7.31,7.32,7.32,7.3,290000.0,2119861.0,20250102,7.32,-0.01,-0.14
000002.SZ,2025-01-02 10:24:00,7.31,7.3,7.31,7.3,223300.0,1631338.0,20250102,7.31,0.0,0.0
000002.SZ,2025-01-02 10:25:00,7.31,7.3,7.31,7.3,86900.0,634915.0,20250102,7.31,0.0,0.0
000002.SZ,2025-01-02 10:26:00,7.31,7.31,7.32,7.31,242600.0,1773600.0,20250102,7.31,0.0,0.0
000002.SZ,2025-01-02 10:27:00,7.31,7.32,7.32,7.3,313700.0,2293246.0,20250102,7.31,0.0,0.0
000002.SZ,2025-01-02 10:28:00,7.31,7.31,7.31,7.3,273300.0,1997520.0,20250102,7.31,0.0,0.0
000002.SZ,2025-01-02 10:29:00,7.31,7.31,7.32,7.31,274700.0,2008347.0,20250102,7.31,0.0,0.0
000002.SZ,2025-01-02 10:30:00,7.31,7.31,7.32,7.3,224400.0,1639827.0,20250102,7.31,0.0,0.0
000002.SZ,2025-01-02 10:31:00,7.31,7.31,7.31,7.3,151800.0,1108504.0,20250102,7.31,0.0,0.0
000002.SZ,2025-01-02 10:32:00,7.31,7.31,7.31,7.3,52800.0,385606.0,20250102,7.31,0.0,0.0
000002.SZ,2025-01-02 10:33:00,7.3,7.3,7.31,7.29,910800.0,6648054.0,20250102,7.31,-0.01,-0.14
000002.SZ,2025-01-02 10:34:00,7.3,7.3,7.3,7.29,335100.0,2445443.0,20250102,7.3,0.0,0.0
000002.SZ,2025-01-02 10:35:00,7.29,7.3,7.3,7.29,105400.0,768631.0,20250102,7.3,-0.01,-0.14
000002.SZ,2025-01-02 10:36:00,7.29,7.29,7.3,7.29,95400.0,695862.0,20250102,7.29,0.0,0.0
000002.SZ,2025-01-02 10:37:00,7.28,7.28,7.29,7.28,986800.0,7192054.0,20250102,7.29,-0.01,-0.14
000002.SZ,2025-01-02 10:38:00,7.29,7.29,7.29,7.28,267800.0,1950825.0,20250102,7.28,0.01,0.14
000002.SZ,2025-01-02 10:39:00,7.29,7.28,7.29,7.28,444100.0,3235759.0,20250102,7.29,0.0,0.0
000002.SZ,2025-01-02 10:40:00,7.29,7.3,7.3,7.28,515800.0,3759646.0,20250102,7.29,0.0,0.0
000002.SZ,2025-01-02 10:41:00,7.28,7.28,7.29,7.27,1202600.0,8755555.0,20250102,7.29,-0.01,-0.14
000002.SZ,2025-01-02 10:42:00,7.26,7.27,7.27,7.26,1567200.0,11386736.0,20250102,7.28,-0.02,-0.27
000002.SZ,2025-01-02 10:43:00,7.27,7.26,7.27,7.26,281400.0,2043420.0,20250102,7.26,0.01,0.14
000002.SZ,2025-01-02 10:44:00,7.26,7.27,7.27,7.25,959400.0,6965237.0,20250102,7.27,-0.01,-0.14
000002.SZ,2025-01-02 10:45:00,7.26,7.26,7.26,7.25,197000.0,1429709.0,20250102,7.26,0.0,0.0
000002.SZ,2025-01-02 10:46:00,7.27,7.26,7.27,7.25,468100.0,3397938.0,20250102,7.26,0.01,0.14
000002.SZ,2025-01-02 10:47:00,7.27,7.27,7.27,7.26,104300.0,757479.0,20250102,7.27,0.0,0.0
000002.SZ,2025-01-02 10:48:00,7.26,7.27,7.27,7.26,253620.0,1843339.2,20250102,7.27,-0.01,-0.14
000002.SZ,2025-01-02 10:49:00,7.27,7.27,7.27,7.26,187000.0,1358125.0,20250102,7.26,0.01,0.14
000002.SZ,2025-01-02 10:50:00,7.27,7.27,7.27,7.26,170100.0,1236022.0,20250102,7.27,0.0,0.0
000002.SZ,2025-01-02 10:51:00,7.27,7.27,7.27,7.26,604800.0,4394824.0,20250102,7.27,0.0,0.0
000002.SZ,2025-01-02 10:52:00,7.28,7.27,7.28,7.27,172600.0,1254699.0,20250102,7.27,0.01,0.14
000002.SZ,2025-01-02 10:53:00,7.27,7.27,7.28,7.27,735500.0,5353124.0,20250102,7.28,-0.01,-0.14
000002.SZ,2025-01-02 10:54:00,7.27,7.28,7.28,7.27,220600.0,1605754.0,20250102,7.27,0.0,0.0
000002.SZ,2025-01-02 10:55:00,7.28,7.27,7.28,7.27,124000.0,902630.0,20250102,7.27,0.01,0.14
000002.SZ,2025-01-02 10:56:00,7.27,7.27,7.28,7.27,367600.0,2672733.0,20250102,7.28,-0.01,-0.14
000002.SZ,2025-01-02 10:57:00,7.28,7.28,7.28,7.27,195500.0,1421391.0,20250102,7.27,0.01,0.14
000002.SZ,2025-01-02 10:58:00,7.26,7.27,7.27,7.26,309300.0,2248190.0,20250102,7.28,-0.02,-0.27
000002.SZ,2025-01-02 10:59:00,7.26,7.26,7.27,7.26,437100.0,3173554.0,20250102,7.26,0.0,0.0
000002.SZ,2025-01-02 11:00:00,7.27,7.26,7.27,7.26,160400.0,1165643.0,20250102,7.26,0.01,0.14
000002.SZ,2025-01-02 11:01:00,7.27,7.27,7.27,7.26,112500.0,817213.0,20250102,7.27,0.0,0.0
000002.SZ,2025-01-02 11:02:00,7.27,7.26,7.27,7.26,46000.0,334199.0,20250102,7.27,0.0,0.0
000002.SZ,2025-01-02 11:03:00,7.26,7.26,7.27,7.26,60400.0,438613.0,20250102,7.27,-0.01,-0.14
000002.SZ,2025-01-02 11:04:00,7.27,7.27,7.27,7.26,39300.0,285636.0,20250102,7.26,0.01,0.14
000002.SZ,2025-01-02 11:05:00,7.28,7.26,7.28,7.26,438100.0,3184963.0,20250102,7.27,0.01,0.14
000002.SZ,2025-01-02 11:06:00,7.27,7.27,7.28,7.27,254600.0,1851062.0,20250102,7.28,-0.01,-0.14
000002.SZ,2025-01-02 11:07:00,7.27,7.27,7.28,7.27,183600.0,1334833.0,20250102,7.27,0.0,0.0
000002.SZ,2025-01-02 11:08:00,7.27,7.26,7.27,7.26,179400.0,1303644.0,20250102,7.27,0.0,0.0
000002.SZ,2025-01-02 11:09:00,7.26,7.27,7.27,7.26,85600.0,622094.0,20250102,7.27,-0.01,-0.14
000002.SZ,2025-01-02 11:10:00,7.28,7.27,7.28,7.27,74800.0,543882.0,20250102,7.26,0.02,0.28
000002.SZ,2025-01-02 11:11:00,7.26,7.27,7.28,7.26,264200.0,1920284.0,20250102,7.28,-0.02,-0.27
000002.SZ,2025-01-02 11:12:00,7.25,7.26,7.27,7.25,1138580.0,8264880.0,20250102,7.26,-0.01,-0.14
000002.SZ,2025-01-02 11:13:00,7.25,7.25,7.26,7.25,183700.0,1332004.0,20250102,7.25,0.0,0.0
000002.SZ,2025-01-02 11:14:00,7.25,7.26,7.26,7.25,185000.0,1341425.0,20250102,7.25,0.0,0.0
000002.SZ,2025-01-02 11:15:00,7.26,7.26,7.26,7.25,396000.0,2871403.0,20250102,7.25,0.01,0.14
000002.SZ,2025-01-02 11:16:00,7.26,7.26,7.26,7.25,67400.0,488819.0,20250102,7.26,0.0,0.0
000002.SZ,2025-01-02 11:17:00,7.24,7.25,7.26,7.24,716390.0,5194098.5,20250102,7.26,-0.02,-0.28
000002.SZ,2025-01-02 11:18:00,7.25,7.25,7.25,7.24,612401.0,4439290.0,20250102,7.24,0.01,0.14
000002.SZ,2025-01-02 11:19:00,7.25,7.25,7.26,7.25,217700.0,1578415.0,20250102,7.25,0.0,0.0
000002.SZ,2025-01-02 11:20:00,7.25,7.25,7.26,7.24,247800.0,1796412.0,20250102,7.25,0.0,0.0
000002.SZ,2025-01-02 11:21:00,7.25,7.25,7.25,7.24,100400.0,727164.0,20250102,7.25,0.0,0.0
000002.SZ,2025-01-02 11:22:00,7.24,7.24,7.25,7.24,103400.0,748862.0,20250102,7.25,-0.01,-0.14
000002.SZ,2025-01-02 11:23:00,7.25,7.25,7.25,7.24,84600.0,613051.0,20250102,7.24,0.01,0.14
000002.SZ,2025-01-02 11:24:00,7.24,7.25,7.25,7.24,222300.0,1609592.0,20250102,7.25,-0.01,-0.14
000002.SZ,2025-01-02 11:25:00,7.25,7.24,7.25,7.24,61500.0,445491.0,20250102,7.24,0.01,0.14
000002.SZ,2025-01-02 11:26:00,7.24,7.24,7.25,7.24,553000.0,4003994.0,20250102,7.25,-0.01,-0.14
000002.SZ,2025-01-02 11:27:00,7.24,7.24,7.25,7.23,306600.0,2219755.0,20250102,7.24,0.0,0.0
000002.SZ,2025-01-02 11:28:00,7.23,7.23,7.24,7.23,124600.0,901315.0,20250102,7.24,-0.01,-0.14
000002.SZ,2025-01-02 11:29:00,7.24,7.23,7.24,7.23,89900.0,650567.0,20250102,7.23,0.01,0.14
000002.SZ,2025-01-02 11:30:00,7.24,7.24,7.24,7.23,278500.0,2015271.0,20250102,7.24,0.0,0.0
000002.SZ,2025-01-02 13:01:00,7.25,7.24,7.25,7.24,967400.0,7004987.0,20250102,7.24,0.01,0.14
000002.SZ,2025-01-02 13:02:00,7.23,7.25,7.25,7.23,325900.0,2359718.0,20250102,7.25,-0.02,-0.28
000002.SZ,2025-01-02 13:03:00,7.24,7.23,7.24,7.23,92700.0,670611.0,20250102,7.23,0.01,0.14
000002.SZ,2025-01-02 13:04:00,7.26,7.23,7.26,7.23,519600.0,3764619.0,20250102,7.24,0.02,0.28
000002.SZ,2025-01-02 13:05:00,7.25,7.25,7.26,7.25,138400.0,1003414.0,20250102,7.26,-0.01,-0.14
000002.SZ,2025-01-02 13:06:00,7.26,7.26,7.26,7.25,71100.0,515776.0,20250102,7.25,0.01,0.14
000002.SZ,2025-01-02 13:07:00,7.25,7.25,7.25,7.25,151900.0,1101115.0,20250102,7.26,-0.01,-0.14
000002.SZ,2025-01-02 13:08:00,7.25,7.25,7.25,7.24,166400.0,1205310.0,20250102,7.25,0.0,0.0
000002.SZ,2025-01-02 13:09:00,7.24,7.24,7.25,7.23,414000.0,2997368.0,20250102,7.25,-0.01,-0.14
000002.SZ,2025-01-02 13:10:00,7.24,7.23,7.24,7.23,215900.0,1561664.0,20250102,7.24,0.0,0.0
000002.SZ,2025-01-02 13:11:00,7.24,7.23,7.24,7.23,132800.0,960924.0,20250102,7.24,0.0,0.0
000002.SZ,2025-01-02 13:12:00,7.24,7.24,7.24,7.23,56600.0,409590.0,20250102,7.24,0.0,0.0
000002.SZ,2025-01-02 13:13:00,7.24,7.24,7.24,7.23,255900.0,1851046.0,20250102,7.24,0.0,0.0
000002.SZ,2025-01-02 13:14:00,7.24,7.24,7.24,7.23,86200.0,623768.0,20250102,7.24,0.0,0.0
000002.SZ,2025-01-02 13:15:00,7.24,7.24,7.24,7.23,95100.0,688002.0,20250102,7.24,0.0,0.0
000002.SZ,2025-01-02 13:16:00,7.24,7.24,7.24,7.23,211100.0,1527111.0,20250102,7.24,0.0,0.0
000002.SZ,2025-01-02 13:17:00,7.24,7.24,7.24,7.23,325800.0,2356275.0,20250102,7.24,0.0,0.0
000002.SZ,2025-01-02 13:18:00,7.22,7.23,7.24,7.22,247900.0,1792535.0,20250102,7.24,-0.02,-0.28
000002.SZ,2025-01-02 13:19:00,7.23,7.23,7.24,7.22,287100.0,2075596.0,20250102,7.22,0.01,0.14
000002.SZ,2025-01-02 13:20:00,7.23,7.23,7.24,7.22,523200.0,3782824.0,20250102,7.23,0.0,0.0
000002.SZ,2025-01-02 13:21:00,7.22,7.22,7.23,7.22,197100.0,1423717.0,20250102,7.23,-0.01,-0.14
000002.SZ,2025-01-02 13:22:00,7.21,7.22,7.23,7.21,812500.0,5866701.0,20250102,7.22,-0.01,-0.14
000002.SZ,2025-01-02 13:23:00,7.22,7.22,7.23,7.21,283600.0,2047448.0,20250102,7.21,0.01,0.14
000002.SZ,2025-01-02 13:24:00,7.22,7.23,7.23,7.21,262500.0,1894464.0,20250102,7.22,0.0,0.0
000002.SZ,2025-01-02 13:25:00,7.22,7.22,7.22,7.21,176800.0,1275467.0,20250102,7.22,0.0,0.0
000002.SZ,2025-01-02 13:26:00,7.22,7.21,7.22,7.21,160000.0,1154563.0,20250102,7.22,0.0,0.0
000002.SZ,2025-01-02 13:27:00,7.21,7.21,7.22,7.21,267000.0,1925857.0,20250102,7.22,-0.01,-0.14
000002.SZ,2025-01-02 13:28:00,7.21,7.21,7.21,7.2,1081000.0,7791607.0,20250102,7.21,0.0,0.0
000002.SZ,2025-01-02 13:29:00,7.21,7.21,7.21,7.2,262000.0,1887415.0,20250102,7.21,0.0,0.0
000002.SZ,2025-01-02 13:30:00,7.22,7.21,7.22,7.2,930541.0,6712247.5,20250102,7.21,0.01,0.14
000002.SZ,2025-01-02 13:31:00,7.22,7.22,7.23,7.22,185700.0,1340787.0,20250102,7.22,0.0,0.0
000002.SZ,2025-01-02 13:32:00,7.22,7.22,7.23,7.22,160000.0,1154781.0,20250102,7.22,0.0,0.0
000002.SZ,2025-01-02 13:33:00,7.22,7.22,7.22,7.21,177100.0,1278391.0,20250102,7.22,0.0,0.0
000002.SZ,2025-01-02 13:34:00,7.21,7.21,7.22,7.21,166200.0,1198542.0,20250102,7.22,-0.01,-0.14
000002.SZ,2025-01-02 13:35:00,7.21,7.22,7.22,7.21,87500.0,631119.0,20250102,7.21,0.0,0.0
000002.SZ,2025-01-02 13:36:00,7.22,7.22,7.22,7.21,76000.0,548102.0,20250102,7.21,0.01,0.14
000002.SZ,2025-01-02 13:37:00,7.2,7.21,7.21,7.2,495810.0,3573510.0,20250102,7.22,-0.02,-0.28
000002.SZ,2025-01-02 13:38:00,7.2,7.2,7.21,7.2,138000.0,993799.0,20250102,7.2,0.0,0.0
000002.SZ,2025-01-02 13:39:00,7.2,7.2,7.21,7.2,413280.0,2975940.0,20250102,7.2,0.0,0.0
000002.SZ,2025-01-02 13:40:00,7.2,7.21,7.21,7.19,875910.0,6305785.0,20250102,7.2,0.0,0.0
000002.SZ,2025-01-02 13:41:00,7.2,7.19,7.2,7.19,226200.0,1627202.0,20250102,7.2,0.0,0.0
000002.SZ,2025-01-02 13:42:00,7.19,7.19,7.2,7.19,552000.0,3970165.0,20250102,7.2,-0.01,-0.14
000002.SZ,2025-01-02 13:43:00,7.2,7.19,7.2,7.19,284357.0,2045164.9,20250102,7.19,0.01,0.14
000002.SZ,2025-01-02 13:44:00,7.19,7.19,7.2,7.19,166900.0,1200357.0,20250102,7.2,-0.01,-0.14
000002.SZ,2025-01-02 13:45:00,7.18,7.19,7.2,7.17,1383543.0,9939875.0,20250102,7.19,-0.01,-0.14
000002.SZ,2025-01-02 13:46:00,7.18,7.18,7.19,7.18,1126458.0,8088151.5,20250102,7.18,0.0,0.0
000002.SZ,2025-01-02 13:47:00,7.18,7.18,7.19,7.18,477600.0,3429463.0,20250102,7.18,0.0,0.0
000002.SZ,2025-01-02 13:48:00,7.19,7.19,7.19,7.18,322200.0,2313761.0,20250102,7.18,0.01,0.14
000002.SZ,2025-01-02 13:49:00,7.17,7.19,7.19,7.17,492400.0,3532851.0,20250102,7.19,-0.02,-0.28
000002.SZ,2025-01-02 13:50:00,7.17,7.17,7.18,7.17,790300.0,5669373.0,20250102,7.17,0.0,0.0
000002.SZ,2025-01-02 13:51:00,7.17,7.17,7.18,7.16,459400.0,3292124.0,20250102,7.17,0.0,0.0
000002.SZ,2025-01-02 13:52:00,7.16,7.16,7.17,7.16,665700.0,4766853.0,20250102,7.17,-0.01,-0.14
000002.SZ,2025-01-02 13:53:00,7.17,7.16,7.17,7.16,313800.0,2247592.0,20250102,7.16,0.01,0.14
000002.SZ,2025-01-02 13:54:00,7.15,7.16,7.17,7.15,511900.0,3664970.0,20250102,7.17,-0.02,-0.28
000002.SZ,2025-01-02 13:55:00,7.16,7.16,7.16,7.15,324800.0,2323481.0,20250102,7.15,0.01,0.14
000002.SZ,2025-01-02 13:56:00,7.16,7.16,7.17,7.15,1141901.0,8173409.0,20250102,7.16,0.0,0.0
000002.SZ,2025-01-02 13:57:00,7.16,7.17,7.17,7.15,426400.0,3053102.0,20250102,7.16,0.0,0.0
000002.SZ,2025-01-02 13:58:00,7.17,7.16,7.17,7.16,398700.0,2855920.0,20250102,7.16,0.01,0.14
000002.SZ,2025-01-02 13:59:00,7.18,7.17,7.18,7.17,340300.0,2440704.0,20250102,7.17,0.01,0.14
000002.SZ,2025-01-02 14:00:00,7.19,7.18,7.19,7.17,279400.0,2006181.0,20250102,7.18,0.01,0.14
000002.SZ,2025-01-02 14:01:00,7.18,7.18,7.19,7.17,280000.0,2010459.0,20250102,7.19,-0.01,-0.14
000002.SZ,2025-01-02 14:02:00,7.17,7.18,7.18,7.16,250500.0,1796370.0,20250102,7.18,-0.01,-0.14
000002.SZ,2025-01-02 14:03:00,7.17,7.17,7.18,7.16,547300.0,3924023.0,20250102,7.17,0.0,0.0
000002.SZ,2025-01-02 14:04:00,7.17,7.18,7.19,7.17,342000.0,2454717.0,20250102,7.17,0.0,0.0
000002.SZ,2025-01-02 14:05:00,7.18,7.18,7.18,7.16,812000.0,5821358.0,20250102,7.17,0.01,0.14
000002.SZ,2025-01-02 14:06:00,7.16,7.17,7.18,7.15,589800.0,4223892.0,20250102,7.18,-0.02,-0.28
000002.SZ,2025-01-02 14:07:00,7.16,7.16,7.17,7.15,228000.0,1631287.0,20250102,7.16,0.0,0.0
000002.SZ,2025-01-02 14:08:00,7.16,7.16,7.16,7.15,178800.0,1279384.0,20250102,7.16,0.0,0.0
000002.SZ,2025-01-02 14:09:00,7.15,7.15,7.16,7.15,733600.0,5246521.0,20250102,7.16,-0.01,-0.14
000002.SZ,2025-01-02 14:10:00,7.14,7.15,7.15,7.14,454863.0,3249479.8,20250102,7.15,-0.01,-0.14
000002.SZ,2025-01-02 14:11:00,7.12,7.14,7.15,7.12,1016337.0,7248103.0,20250102,7.14,-0.02,-0.28
000002.SZ,2025-01-02 14:12:00,7.12,7.12,7.13,7.11,643900.0,4585189.0,20250102,7.12,0.0,0.0
000002.SZ,2025-01-02 14:13:00,7.12,7.12,7.13,7.12,291800.0,2078529.0,20250102,7.12,0.0,0.0
000002.SZ,2025-01-02 14:14:00,7.12,7.12,7.13,7.11,993000.0,7070622.0,20250102,7.12,0.0,0.0
000002.SZ,2025-01-02 14:15:00,7.11,7.13,7.13,7.11,579302.0,4121314.2,20250102,7.12,-0.01,-0.14
000002.SZ,2025-01-02 14:16:00,7.11,7.11,7.12,7.11,283500.0,2016534.0,20250102,7.11,0.0,0.0
000002.SZ,2025-01-02 14:17:00,7.1,7.12,7.12,7.1,816698.0,5805317.0,20250102,7.11,-0.01,-0.14
000002.SZ,2025-01-02 14:18:00,7.11,7.11,7.12,7.1,559300.0,3975943.0,20250102,7.1,0.01,0.14
000002.SZ,2025-01-02 14:19:00,7.12,7.1,7.12,7.1,1224500.0,8707293.0,20250102,7.11,0.01,0.14
000002.SZ,2025-01-02 14:20:00,7.12,7.12,7.12,7.11,477762.0,3398148.8,20250102,7.12,0.0,0.0
000002.SZ,2025-01-02 14:21:00,7.12,7.12,7.12,7.11,141100.0,1004132.0,20250102,7.12,0.0,0.0
000002.SZ,2025-01-02 14:22:00,7.1,7.12,7.12,7.1,557100.0,3960804.0,20250102,7.12,-0.02,-0.28
000002.SZ,2025-01-02 14:23:00,7.12,7.1,7.12,7.1,352600.0,2506131.0,20250102,7.1,0.02,0.28
000002.SZ,2025-01-02 14:24:00,7.12,7.12,7.12,7.11,445300.0,3169217.0,20250102,7.12,0.0,0.0
000002.SZ,2025-01-02 14:25:00,7.13,7.12,7.13,7.12,268174.0,1910104.9,20250102,7.12,0.01,0.14
000002.SZ,2025-01-02 14:26:00,7.13,7.13,7.13,7.12,227888.0,1624124.5,20250102,7.13,0.0,0.0
000002.SZ,2025-01-02 14:27:00,7.12,7.13,7.13,7.12,246700.0,1757914.0,20250102,7.13,-0.01,-0.14
000002.SZ,2025-01-02 14:28:00,7.13,7.12,7.13,7.12,128200.0,913226.0,20250102,7.12,0.01,0.14
000002.SZ,2025-01-02 14:29:00,7.13,7.13,7.14,7.12,648100.0,4622053.0,20250102,7.13,0.0,0.0
000002.SZ,2025-01-02 14:30:00,7.14,7.13,7.14,7.13,460300.0,3283175.0,20250102,7.13,0.01,0.14
000002.SZ,2025-01-02 14:31:00,7.13,7.14,7.14,7.12,261900.0,1867132.0,20250102,7.14,-0.01,-0.14
000002.SZ,2025-01-02 14:32:00,7.13,7.13,7.13,7.12,172900.0,1232083.0,20250102,7.13,0.0,0.0
000002.SZ,2025-01-02 14:33:00,7.13,7.13,7.13,7.12,967300.0,6887880.0,20250102,7.13,0.0,0.0
000002.SZ,2025-01-02 14:34:00,7.1,7.11,7.12,7.1,1659138.0,11802449.0,20250102,7.13,-0.03,-0.42
000002.SZ,2025-01-02 14:35:00,7.1,7.1,7.11,7.1,305900.0,2172642.0,20250102,7.1,0.0,0.0
000002.SZ,2025-01-02 14:36:00,7.11,7.11,7.11,7.1,280800.0,1994511.0,20250102,7.1,0.01,0.14
000002.SZ,2025-01-02 14:37:00,7.1,7.11,7.11,7.09,797600.0,5664612.0,20250102,7.11,-0.01,-0.14
000002.SZ,2025-01-02 14:38:00,7.09,7.1,7.1,7.09,503400.0,3570498.0,20250102,7.1,-0.01,-0.14
000002.SZ,2025-01-02 14:39:00,7.09,7.09,7.1,7.09,379200.0,2688898.0,20250102,7.09,0.0,0.0
000002.SZ,2025-01-02 14:40:00,7.09,7.09,7.1,7.08,1541300.0,10924651.0,20250102,7.09,0.0,0.0
000002.SZ,2025-01-02 14:41:00,7.1,7.08,7.1,7.08,752100.0,5330645.0,20250102,7.09,0.01,0.14
000002.SZ,2025-01-02 14:42:00,7.09,7.1,7.1,7.09,422800.0,2998174.0,20250102,7.1,-0.01,-0.14
000002.SZ,2025-01-02 14:43:00,7.1,7.09,7.1,7.09,346400.0,2456980.0,20250102,7.09,0.01,0.14
000002.SZ,2025-01-02 14:44:00,7.09,7.09,7.1,7.09,610800.0,4332486.0,20250102,7.1,-0.01,-0.14
000002.SZ,2025-01-02 14:45:00,7.09,7.09,7.1,7.08,503100.0,3567678.0,20250102,7.09,0.0,0.0
000002.SZ,2025-01-02 14:46:00,7.08,7.09,7.09,7.08,553100.0,3919182.0,20250102,7.09,-0.01,-0.14
000002.SZ,2025-01-02 14:47:00,7.08,7.08,7.09,7.08,380400.0,2695014.0,20250102,7.08,0.0,0.0
000002.SZ,2025-01-02 14:48:00,7.08,7.08,7.09,7.08,781938.0,5539171.0,20250102,7.08,0.0,0.0
000002.SZ,2025-01-02 14:49:00,7.09,7.08,7.09,7.08,705000.0,4992841.0,20250102,7.08,0.01,0.14
000002.SZ,2025-01-02 14:50:00,7.09,7.08,7.09,7.07,1296800.0,9181886.0,20250102,7.09,0.0,0.0
000002.SZ,2025-01-02 14:51:00,7.09,7.09,7.09,7.08,714700.0,5063404.0,20250102,7.09,0.0,0.0
000002.SZ,2025-01-02 14:52:00,7.1,7.09,7.1,7.09,477543.0,3386330.8,20250102,7.09,0.01,0.14
000002.SZ,2025-01-02 14:53:00,7.1,7.1,7.1,7.09,399200.0,2833325.0,20250102,7.1,0.0,0.0
000002.SZ,2025-01-02 14:54:00,7.09,7.09,7.1,7.09,713300.0,5059279.0,20250102,7.1,-0.01,-0.14
000002.SZ,2025-01-02 14:55:00,7.1,7.09,7.1,7.09,414200.0,2938870.0,20250102,7.09,0.01,0.14
000002.SZ,2025-01-02 14:56:00,7.1,7.1,7.1,7.09,519000.0,3682607.0,20250102,7.1,0.0,0.0
000002.SZ,2025-01-02 14:57:00,7.09,7.1,7.1,7.09,1092300.0,7752425.0,20250102,7.1,-0.01,-0.14
000002.SZ,2025-01-02 14:58:00,7.09,7.09,7.09,7.09,0.0,0.0,20250102,7.09,0.0,0.0
000002.SZ,2025-01-02 14:59:00,7.09,7.09,7.09,7.09,0.0,0.0,20250102,7.09,0.0,0.0
000002.SZ,2025-01-02 15:00:00,7.11,7.11,7.11,7.11,926500.0,6587415.0,20250102,7.09,0.02,0.28
